<?xml version="1.0" encoding="UTF-8"?>
<web-app xmlns:xsi="http://www.w3.org/2001/XMLSchema-instance" xmlns="http://java.sun.com/xml/ns/javaee" xsi:schemaLocation="http://java.sun.com/xml/ns/javaee http://java.sun.com/xml/ns/javaee/web-app_3_0.xsd" id="WebApp_ID" version="3.0">
  <display-name>ServletAndJSP</display-name>
  <welcome-file-list>
    <welcome-file>index.html</welcome-file>
    <welcome-file>index.htm</welcome-file>
    <welcome-file>index.jsp</welcome-file>
    <welcome-file>default.html</welcome-file>
    <welcome-file>default.htm</welcome-file>
    <welcome-file>default.jsp</welcome-file>
    <welcome-file>login.html</welcome-file>
  </welcome-file-list>
  <servlet-mapping>
    <servlet-name>valid</servlet-name>
    <url-pattern>/index</url-pattern>
  </servlet-mapping>
  <servlet>
    <servlet-name>valid</servlet-name>
    <servlet-class>com.program.java.Validation</servlet-class>
  </servlet>
  <display-name>Archetype Created Web Application</display-name>
  <servlet>
  	<servlet-name>Prod2</servlet-name>
  	<display-name>Prod2</display-name>
  	<description></description>
  	<servlet-class>com.detailsproduct.Product</servlet-class>
  </servlet>
  <servlet>
  	<servlet-name>Prod1</servlet-name>
  	<display-name>Prod1</display-name>
  	<description></description>
  	<servlet-class>com.detailsproduct.ProductClass</servlet-class>
  </servlet>
  <servlet>
  	
  <servlet-mapping>
  	<servlet-name>Prod2</servlet-name>
  	<url-pattern>/Product</url-pattern>
  </servlet-mapping>
  <servlet-mapping>
  	<servlet-name>Prod1</servlet-name>
  	<url-pattern>/ProductClass</url-pattern>
  </servlet-mapping>
 </web-app>
  
  